name,D1,D2,Sum_director,year,country,types,score,num
肖申克的救赎,弗兰克·德拉邦特,,1,1994,美国,犯罪,9.7,3235723
霸王别姬,陈凯歌,,1,1993,中国大陆,剧情,9.6,2388121
泰坦尼克号,詹姆斯·卡梅隆,,1,1997,美国,剧情,9.5,2458306
阿甘正传,罗伯特·泽米吉斯,,1,1994,美国,剧情,9.5,2397636
千与千寻,宫崎骏,,1,2001,日本,剧情,9.4,2498589
美丽人生,罗伯托·贝尼尼,,1,1997,意大利,剧情,9.5,1461611
星际穿越,克里斯托弗·诺兰,,1,2014,美国,剧情,9.4,2138435
这个杀手不太冷,吕克·贝松,,1,1994,法国,剧情,9.4,2522041
盗梦空间,克里斯托弗·诺兰,,1,2010,美国,剧情,9.4,2292458
楚门的世界,彼得·威尔,,1,1998,美国,剧情,9.4,1981296
辛德勒的名单,史蒂文·斯皮尔伯格,,1,1993,美国,剧情,9.5,1231641
忠犬八公的故事,莱塞·霍尔斯道姆,,1,2009,美国,剧情,9.4,1524347
海上钢琴师,朱塞佩·托纳多雷,,1,1998,意大利,剧情,9.3,1855172
疯狂动物城,拜伦·霍华德,瑞奇·摩尔,2,2016,美国,喜剧,9.3,2257728
三傻大闹宝莱坞,拉库马·希拉尼,,1,2009,印度,剧情,9.2,2049951
机器人总动员,安德鲁·斯坦顿,,1,2008,美国,科幻,9.3,1466921
放牛班的春天,克里斯托夫·巴拉蒂,,1,2004,法国,剧情,9.3,1453348
无间道,刘伟强,麦兆辉,2,2002,中国香港,剧情,9.3,1539795
控方证人,比利·怀尔德,,1,1957,美国,剧情,9.6,698346
大话西游之大圣娶亲,刘镇伟,,1,1995,中国香港,喜剧,9.2,1687928
熔炉,黄东赫,,1,2011,韩国,剧情,9.3,1023937
寻梦环游记,李·昂克里奇,阿德里安·莫利纳,2,2017,美国,喜剧,9.1,1946136
触不可及,奥利维·那卡什,艾力克·托兰达,2,2011,法国,剧情,9.3,1274380
教父,弗朗西斯·福特·科波拉,,1,1972,美国,剧情,9.3,1088615
当幸福来敲门,加布里尔·穆奇诺,,1,2006,美国,剧情,9.1,1666297
末代皇帝,贝纳尔多·贝托鲁奇,,1,1987,英国,剧情,9.3,1012411
哈利·波特与魔法石,Chris Columbus,,1,2001,美国,奇幻,9.2,1396247
龙猫,宫崎骏,,1,1988,日本,动画,9.2,1393588
活着,张艺谋,,1,1994,中国大陆,剧情,9.3,955609
怦然心动,罗伯·莱纳,,1,2010,美国,剧情,9.1,2023883
蝙蝠侠：黑暗骑士,克里斯托弗·诺兰,,1,2008,美国,剧情,9.2,1177351
指环王3：王者无敌,彼得·杰克逊,,1,2003,美国,剧情,9.3,897068
我不是药神,文牧野,,1,2018,中国大陆,剧情,9.0,2323133
乱世佳人,维克多·弗莱明,乔治·库克,2,1939,美国,剧情,9.3,780956
飞屋环游记,彼特·道格特,鲍勃·彼德森,2,2009,美国,剧情,9.1,1477117
让子弹飞,姜文,,1,2010,中国大陆,剧情,9.0,1895569
哈尔的移动城堡,宫崎骏,,1,2004,日本,爱情,9.1,1267494
十二怒汉,西德尼·吕美特,,1,1957,美国,剧情,9.4,567911
海蒂和爷爷,阿兰·葛斯彭纳,,1,2015,德国,剧情,9.3,760036
素媛,李濬益,,1,2013,韩国,剧情,9.3,766011
猫鼠游戏,史蒂文·斯皮尔伯格,,1,2002,美国,传记,9.1,1188361
天空之城,宫崎骏,,1,1986,日本,动画,9.2,995417
鬼子来了,姜文,,1,2000,中国大陆,剧情,9.3,705152
摔跤吧！爸爸,涅提·蒂瓦里,,1,2016,印度,剧情,9.0,1723732
少年派的奇幻漂流,李安,,1,2012,美国,剧情,9.1,1473465
钢琴家,罗曼·波兰斯基,,1,2002,英国,剧情,9.3,738059
指环王2：双塔奇兵,彼得·杰克逊,,1,2002,美国,剧情,9.2,844458
死亡诗社,彼得·威尔,,1,1989,美国,剧情,9.2,862620
大话西游之月光宝盒,刘镇伟,,1,1995,中国香港,喜剧,9.0,1347544
何以为家,娜丁·拉巴基,,1,2018,黎巴嫩,剧情,9.1,1150447
绿皮书,彼得·法雷里,,1,2018,美国,剧情,8.9,1864432
闻香识女人,马丁·布莱斯,,1,1992,美国,剧情,9.1,1007807
大闹天宫,万籁鸣,,1,1978,中国大陆,剧情,9.4,501564
黑客帝国,安迪·沃卓斯基,拉娜·沃卓斯基,2,1999,美国,动作,9.1,935955
指环王1：护戒使者,彼得·杰克逊,,1,2001,新西兰,剧情,9.1,945944
罗马假日,威廉·惠勒,,1,1953,美国,喜剧,9.1,1036520
教父2,弗朗西斯·福特·科波拉,,1,1974,美国,剧情,9.3,628657
狮子王,罗伯·明可夫,,1,1994,美国,动画,9.1,947144
天堂电影院,朱塞佩·托纳多雷,,1,1988,意大利,剧情,9.2,733092
饮食男女,李安,,1,1994,中国台湾,剧情,9.2,712151
辩护人,杨宇硕,,1,2013,韩国,剧情,9.2,651131
本杰明·巴顿奇事,大卫·芬奇,,1,2008,美国,剧情,9.0,1091385
搏击俱乐部,大卫·芬奇,,1,1999,美国,剧情,9.0,957826
美丽心灵,朗·霍华德,,1,2001,美国,传记,9.1,844878
穿条纹睡衣的男孩,马克·赫尔曼,,1,2008,英国,剧情,9.2,633650
情书,岩井俊二,,1,1995,日本,剧情,8.9,1304140
哈利·波特与死亡圣器(下),大卫·叶茨,,1,2011,美国,奇幻,9.0,956486
两杆大烟枪,盖·里奇,,1,1998,英国,剧情,9.1,667372
窃听风暴,弗洛里安·亨克尔·冯·多纳斯马尔克,,1,2006,德国,剧情,9.2,624875
音乐之声,罗伯特·怀斯,,1,1965,美国,剧情,9.1,675082
功夫,周星驰,,1,2004,中国大陆,动作,8.9,1314010
西西里的美丽传说,朱塞佩·托纳多雷,,1,2000,意大利,剧情,8.9,1081617
哈利·波特与阿兹卡班的囚徒,阿方索·卡隆,,1,2004,英国,奇幻,9.0,875942
阿凡达,詹姆斯·卡梅隆,,1,2009,美国,动作,8.8,1555356
看不见的客人,奥里奥尔·保罗,,1,2016,西班牙,剧情,8.8,1422019
拯救大兵瑞恩,史蒂文·斯皮尔伯格,,1,1998,美国,剧情,9.1,716243
沉默的羔羊,乔纳森·戴米,,1,1991,美国,剧情,8.9,1002029
小鞋子,马基德·马基迪,,1,1997,伊朗,剧情,9.2,457322
布达佩斯大饭店,韦斯·安德森,,1,2014,美国,剧情,8.9,1069491
飞越疯人院,米洛斯·福尔曼,,1,1975,美国,剧情,9.1,597014
蝴蝶效应,埃里克·布雷斯,·麦基·格鲁伯,2,2004,美国,剧情,8.9,1053834
禁闭岛,Martin Scorsese,,1,2010,美国,剧情,8.9,1098370
心灵捕手,格斯·范·桑特,,1,1997,美国,剧情,9.0,804978
致命魔术,克里斯托弗·诺兰,,1,2006,英国,剧情,8.9,952894
低俗小说,昆汀·塔伦蒂诺,,1,1994,美国,剧情,8.9,945528
还有明天,宝拉·柯特莱西,,1,2023,意大利,剧情,9.3,341791
超脱,托尼·凯耶,,1,2011,美国,剧情,9.0,711878
哈利·波特与密室,Chris Columbus,,1,2002,英国,奇幻,8.9,901484
喜剧之王,周星驰,李力持,2,1999,中国香港,喜剧,8.8,1081122
一一,杨德昌,,1,2000,中国台湾,剧情,9.1,493340
摩登时代,查理·卓别林,,1,1936,美国,剧情,9.3,341685
杀人回忆,奉俊昊,,1,2003,韩国,剧情,8.9,824412
致命ID,詹姆斯·曼高德,,1,2003,美国,剧情,8.9,934419
春光乍泄,王家卫,,1,1997,中国香港,剧情,9.0,702525
加勒比海盗,戈尔·维宾斯基,,1,2003,美国,动作,8.8,956830
海豚湾,路易·西霍尤斯,,1,2009,美国,纪录片,9.3,379685
美国往事,赛尔乔·莱翁内,,1,1984,美国,犯罪,9.1,465413
红辣椒,今敏,,1,2006,日本,动画,9.0,559283
七宗罪,大卫·芬奇,,1,1995,美国,剧情,8.8,1048950
唐伯虎点秋香,李力持,,1,1993,中国香港,喜剧,8.8,1209834
狩猎,托马斯·温特伯格,,1,2012,丹麦,剧情,9.1,462048
幽灵公主,宫崎骏,,1,1997,日本,动画,8.9,660395
甜蜜蜜,陈可辛,,1,1996,中国香港,剧情,8.9,662144
寄生虫,奉俊昊,,1,2019,韩国,剧情,8.8,1530289
蝙蝠侠：黑暗骑士崛起,克里斯托弗·诺兰,,1,2012,美国,剧情,8.9,804816
天书奇谭,王树忱,钱运达,2,2021,中国大陆,动画,9.2,328093
7号房的礼物,李焕庆,,1,2013,韩国,剧情,8.9,615814
超能陆战队,唐·霍尔,克里斯·威廉姆斯,2,2014,美国,喜剧,8.8,1131765
爱在黎明破晓前,理查德·林克莱特,,1,1995,美国,剧情,8.8,788292
第六感,·奈特·沙马兰,,1,1999,美国,剧情,8.9,628995
爱在日落黄昏时,理查德·林克莱特,,1,2004,美国,剧情,8.9,644351
被嫌弃的松子的一生,中岛哲也,,1,2006,日本,剧情,8.8,767871
茶馆,谢添,,1,1982,中国大陆,剧情,9.6,202425
重庆森林,王家卫,,1,1994,中国香港,剧情,8.8,913296
未麻的部屋,今敏,,1,1997,日本,剧情,9.1,417596
哈利·波特与火焰杯,迈克·内威尔,,1,2005,英国,悬疑,8.8,789062
头脑特工队,彼特·道格特,罗纳尔多·德尔·卡门,2,2015,美国,喜剧,8.8,790693
入殓师,泷田洋二郎,,1,2008,日本,剧情,8.9,737583
借东西的小人阿莉埃蒂,米林宏昌,,1,2010,日本,动画,8.9,620862
菊次郎的夏天,北野武,,1,1999,日本,剧情,8.9,667270
剪刀手爱德华,蒂姆·波顿,,1,1990,美国,剧情,8.7,1112631
断背山,李安,,1,2005,美国,剧情,8.8,774371
勇敢的心,梅尔·吉布森,,1,1995,美国,动作,8.9,601203
时空恋旅人,理查德·柯蒂斯,,1,2013,英国,喜剧,8.8,780407
消失的爱人,大卫·芬奇,,1,2014,美国,剧情,8.7,1062129
倩女幽魂,程小东,,1,1987,中国香港,爱情,8.8,828307
无人知晓,是枝裕和,,1,2004,日本,剧情,9.1,368072
驯龙高手,迪恩·德布洛斯,克里斯·桑德斯,2,2010,美国,动画,8.8,853898
花样年华,王家卫,,1,2000,中国香港,剧情,8.8,792973
傲慢与偏见,乔·怀特,,1,2005,法国,剧情,8.7,917812
新世界,朴勋政,,1,2013,韩国,剧情,8.9,519142
完美的世界,克林特·伊斯特伍德,,1,1993,美国,剧情,9.1,356663
阳光灿烂的日子,姜文,,1,1994,中国大陆,剧情,8.8,688484
一个叫欧维的男人决定去死,汉内斯·赫尔姆,,1,2015,瑞典,剧情,8.9,560605
小森林 夏秋篇,森淳一,,1,2014,日本,剧情,9.0,469172
玩具总动员3,李·昂克里奇,,1,2010,美国,喜剧,8.9,584877
天使爱美丽,让,皮埃尔·热内,2,2001,法国,剧情,8.7,1014691
怪兽电力公司,彼特·道格特,大卫·斯沃曼,2,2001,美国,儿童,8.8,761259
色，戒,李安,,1,2007,中国台湾,剧情,8.7,948277
侧耳倾听,近藤喜文,,1,1995,日本,剧情,8.9,515753
教父3,弗朗西斯·福特·科波拉,,1,1990,美国,剧情,9.0,426457
请以你的名字呼唤我,卢卡·瓜达尼诺,,1,2017,意大利,剧情,8.8,814776
哪吒闹海,王树忱,严定宪,2,1979,中国大陆,冒险,9.2,304608
幸福终点站,史蒂文·斯皮尔伯格,,1,2004,美国,喜剧,8.8,634832
九品芝麻官,王晶,,1,1994,中国香港,剧情,8.8,783823
被解救的姜戈,昆汀·塔伦蒂诺,,1,2012,美国,剧情,8.8,683769
釜山行,延尚昊,,1,2016,韩国,动作,8.6,1336753
小森林 冬春篇,森淳一,,1,2015,日本,剧情,9.0,416632
神偷奶爸,皮艾尔·柯芬,克里斯·雷纳德,2,2010,美国,喜剧,8.7,1037687
喜宴,李安,,1,1993,中国台湾,剧情,9.0,424960
萤火之森,大森贵弘,,1,2011,日本,剧情,8.8,603753
告白,中岛哲也,,1,2010,日本,剧情,8.8,736797
玛丽和麦克斯,亚当·艾略特,,1,2009,澳大利亚,剧情,9.0,465644
头号玩家,史蒂文·斯皮尔伯格,,1,2018,美国,动作,8.6,1502196
七武士,黑泽明,,1,1954,日本,动作,9.3,231951
模仿游戏,莫滕·泰杜姆,,1,2014,英国,剧情,8.8,714386
大鱼,蒂姆·波顿,,1,2003,美国,剧情,8.8,621603
惊魂记,阿尔弗雷德·希区柯克,,1,1960,美国,悬疑,9.0,350575
射雕英雄传之东成西就,刘镇伟,,1,1993,中国香港,喜剧,8.7,711754
血战钢锯岭,梅尔·吉布森,,1,2016,澳大利亚,剧情,8.7,852832
你的名字。,新海诚,,1,2016,日本,剧情,8.5,1577990
我是山姆,杰茜·尼尔森,,1,2001,美国,剧情,9.0,372734
心灵奇旅,彼特·道格特,凯普·鲍尔斯,2,2020,美国,动画,8.7,1127265
背靠背，脸对脸,黄建新,杨亚洲,2,1994,中国大陆,剧情,9.5,175676
阳光姐妹淘,姜炯哲,,1,2011,韩国,剧情,8.8,633685
恐怖直播,金秉祐,,1,2013,韩国,剧情,8.7,721894
黑客帝国3：矩阵革命,拉娜·沃卓斯基,莉莉·沃卓斯基,2,2003,美国,动作,8.8,492819
三块广告牌,马丁·麦克唐纳,,1,2017,英国,剧情,8.7,911846
电锯惊魂,詹姆斯·温,,1,2004,美国,悬疑,8.7,605918
小丑,托德·菲利普斯,,1,2019,美国,剧情,8.7,1116986
谍影重重3,保罗·格林格拉斯,,1,2007,美国,动作,8.9,465912
达拉斯买家俱乐部,让,马克·瓦雷,2,2013,美国,剧情,8.8,501562
无间道2,刘伟强,麦兆辉,2,2003,中国香港,剧情,8.8,559780
疯狂原始人,科克·德·米科,克里斯·桑德斯,2,2013,美国,喜剧,8.7,913600
末路狂花,雷德利·斯科特,,1,1991,美国,犯罪,9.0,338192
高山下的花环,谢晋,,1,1985,中国大陆,剧情,9.5,153083
绿里奇迹,弗兰克·德拉邦特,,1,1999,美国,犯罪,8.9,383792
爱在午夜降临前,理查德·林克莱特,,1,2013,美国,剧情,8.9,467009
海街日记,是枝裕和,,1,2015,日本,剧情,8.8,515171
疯狂的石头,宁浩,,1,2006,中国大陆,喜剧,8.6,916862
风之谷,宫崎骏,,1,1984,日本,动画,8.9,390744
上帝之城,费尔南多·梅里尔斯,卡迪亚·兰德,2,2002,巴西,犯罪,9.0,330760
雨中曲,斯坦利·多南,吉恩·凯利,2,1952,美国,喜剧,9.1,264289
2001太空漫游,斯坦利·库布里克,,1,1968,英国,科幻,8.9,388917
心迷宫,忻钰坤,,1,2014,中国大陆,剧情,8.7,609444
英雄本色,吴宇森,,1,1986,中国香港,剧情,8.6,601148
机器人之梦,巴勃罗·贝格尔,,1,2023,西班牙,剧情,9.1,400488
记忆碎片,克里斯托弗·诺兰,,1,2000,美国,犯罪,8.7,663226
纵横四海,吴宇森,,1,1991,中国香港,剧情,8.8,470087
卢旺达饭店,特瑞·乔治,,1,2004,英国,剧情,8.9,364230
无敌破坏王,瑞奇·莫尔,,1,2012,美国,喜剧,8.7,606247
小偷家族,是枝裕和,,1,2018,日本,剧情,8.7,889075
恐怖游轮,克里斯托弗·史密斯,,1,2009,英国,科幻,8.5,979170
冰川时代,卡洛斯·沙尔丹哈,克里斯·韦奇,2,2002,美国,喜剧,8.7,680408
牯岭街少年杀人事件,杨德昌,,1,1991,中国台湾,剧情,8.9,363207
东京教父,今敏,,1,2003,日本,剧情,9.0,284909
魔女宅急便,宫崎骏,,1,1989,日本,动画,8.7,519624
岁月神偷,罗启锐,,1,2010,中国香港,剧情,8.7,609828
忠犬八公物语,神山征二郎,,1,1987,日本,剧情,9.2,216621
芙蓉镇,谢晋,,1,1987,中国大陆,剧情,9.3,185936
荒蛮故事,达米安·斯兹弗隆,,1,2014,阿根廷,剧情,8.7,511771
遗愿清单,罗伯·莱纳,,1,2007,美国,冒险,8.7,531169
大佛普拉斯,黄信尧,,1,2017,中国台湾,剧情,8.7,546975
源代码,邓肯·琼斯,,1,2011,美国,科幻,8.6,917713
疯狂的麦克斯4：狂暴之路,乔治·米勒,,1,2015,澳大利亚,动作,8.7,612542
你看起来好像很好吃,藤森雅也,,1,2010,日本,剧情,8.9,372130
贫民窟的百万富翁,丹尼·鲍尔,洛芙琳·坦丹,2,2008,英国,剧情,8.6,802561
花束般的恋爱,土井裕泰,,1,2021,日本,剧情,8.6,810882
可可西里,陆川,,1,2004,中国大陆,剧情,8.9,342452
城市之光,查理·卓别林,,1,1931,美国,喜剧,9.3,170354
白日梦想家,本·斯蒂勒,,1,2013,美国,剧情,8.6,633483
波西米亚狂想曲,布莱恩·辛格,,1,2018,英国,剧情,8.6,683369
东邪西毒,王家卫,,1,1994,中国香港,剧情,8.6,631082
爆裂鼓手,达米恩·查泽雷,,1,2014,美国,剧情,8.6,683809
青蛇,徐克,,1,1993,中国香港,剧情,8.6,596267
爱乐之城,达米恩·查泽雷,,1,2016,美国,剧情,8.4,1083438
哈利·波特与死亡圣器(上),大卫·叶茨,,1,2010,英国,奇幻,8.6,686704
无耻混蛋,昆汀·塔伦蒂诺,,1,2009,德国,剧情,8.7,553712
黑天鹅,达伦·阿罗诺夫斯基,,1,2010,美国,剧情,8.6,841374
终结者2：审判日,詹姆斯·卡梅隆,,1,1991,美国,动作,8.8,380945
大红灯笼高高挂,张艺谋,,1,1991,中国大陆,剧情,8.8,363836
初恋这件小事,普特鹏·普罗萨卡·那·萨克那卡林,华森·波克彭,2,1992,中国香港,动作,8.7,503675
人工智能,史蒂文·斯皮尔伯格,,1,2001,美国,剧情,8.7,497465
雨人,巴瑞·莱文森,,1,1988,美国,剧情,8.7,440103
崖上的波妞,宫崎骏,,1,2008,日本,动画,8.6,569555
千钧一发,安德鲁·尼科尔,,1,1997,美国,剧情,8.8,345387
虎口脱险,杰拉尔·乌里,,1,1966,法国,喜剧,8.9,292172
罗生门,黑泽明,,1,1950,日本,剧情,8.8,354754
真爱至上,理查德·柯蒂斯,,1,2003,英国,喜剧,8.5,799562
哈利·波特与凤凰社,大卫·叶茨,,1,2007,英国,奇幻,8.6,686168
彗星来的那一夜,詹姆斯·沃德·布柯特,,1,2013,美国,科幻,8.6,675343
恋恋笔记本,尼克·卡索维茨,,1,2004,美国,剧情,8.5,741917
海边的曼彻斯特,肯尼斯·罗纳根,,1,2016,美国,剧情,8.6,643802
火星救援,雷德利·斯科特,,1,2015,英国,剧情,8.5,823429
黑客帝国2：重装上阵,拉娜·沃卓斯基,莉莉·沃卓斯基,2,2003,美国,动作,8.7,451172
奇迹男孩,斯蒂芬·卓博斯基,,1,2017,美国,剧情,8.6,596804
步履不停,是枝裕和,,1,2008,日本,剧情,8.8,322557
千年女优,今敏,,1,2001,日本,动画,8.8,314237
战争之王,安德鲁·尼科尔,,1,2005,美国,剧情,8.7,411614
萤火虫之墓,高畑勋,,1,1988,日本,动画,8.7,436492
谍影重重2,保罗·格林格拉斯,,1,2004,美国,动作,8.7,395634
蜘蛛侠：平行宇宙,鲍勃·佩尔西凯蒂,彼得·拉姆齐,2,2018,美国,动作,8.6,749982
攻壳机动队,押井守,,1,1995,日本,动作,9.0,214066
冰雪奇缘,克里斯·巴克,珍妮弗·李,2,2013,美国,喜剧,8.5,814677
血钻,爱德华·兹威克,,1,2006,美国,剧情,8.7,418607
魂断蓝桥,茂文·勒鲁瓦,,1,1940,美国,剧情,8.8,307967
隐藏人物,特奥多尔·梅尔菲,,1,2016,美国,剧情,8.9,267203
房间,伦尼·阿伯拉罕森,,1,2015,爱尔兰,剧情,8.7,397519
小姐,朴赞郁,,1,2016,韩国,剧情,8.5,563875
